ID;Label;Guess;StreetLength;AccidentLight;AccidentBad;AccidentDeadly;VehiclesPerDay;xCoords;yCoords
000000;1;1;;;;;;;
000001;2;2;;;;;;;
000002;2;2;;;;;;;
000003;1;1;;;;;;;
000004;1;1;;;;;;;
000005;0;0;;;;;;;
000006;3;3;;;;;;;
000007;2;2;;;;;;;
000008;1;1;;;;;;;
000009;0;0;;;;;;;
000010;0;0;;;;;;;
000011;2;2;;;;;;;
000012;3;3;;;;;;;
000013;1;1;;;;;;;
000014;2;2;;;;;;;
000015;0;0;;;;;;;
000016;0;0;;;;;;;
000017;0;0;;;;;;;
000018;0;0;;;;;;;
000019;2;2;;;;;;;
000020;1;1;;;;;;;
000021;0;0;;;;;;;
000022;3;3;;;;;;;
000023;2;2;;;;;;;
000024;0;0;;;;;;;
000025;0;0;;;;;;;
000026;0;0;;;;;;;
000027;2;2;;;;;;;
000028;0;0;;;;;;;
000029;2;2;;;;;;;
000030;2;2;;;;;;;
000031;3;3;;;;;;;
000032;1;1;;;;;;;
000033;1;1;;;;;;;
000034;1;1;;;;;;;
000035;1;1;;;;;;;
000036;0;0;;;;;;;
000037;3;3;;;;;;;
000038;2;2;;;;;;;
000039;2;2;;;;;;;
000040;3;3;;;;;;;
000041;1;1;;;;;;;
000042;1;1;;;;;;;
000043;0;0;;;;;;;
000044;2;2;;;;;;;
000045;0;0;;;;;;;
000046;3;3;;;;;;;
000047;1;1;;;;;;;
000048;1;1;;;;;;;
000049;3;3;;;;;;;
000050;3;3;;;;;;;
000051;2;2;;;;;;;
000052;3;3;;;;;;;
000053;0;0;;;;;;;
000054;3;3;;;;;;;
000055;1;1;;;;;;;
000056;4;4;;;;;;;
000057;0;0;;;;;;;
000058;2;2;;;;;;;
000059;0;0;;;;;;;
000060;1;1;;;;;;;
000061;2;2;;;;;;;
000062;3;3;;;;;;;
000063;1;1;;;;;;;
000064;0;0;;;;;;;
000065;0;0;;;;;;;
000066;1;1;;;;;;;
000067;3;3;;;;;;;
000068;3;3;;;;;;;
000069;1;1;;;;;;;
000070;3;3;;;;;;;
000071;2;2;;;;;;;
000072;0;0;;;;;;;
000073;2;2;;;;;;;
000074;1;1;;;;;;;
000075;1;1;;;;;;;
000076;0;0;;;;;;;
000077;0;0;;;;;;;
000078;0;0;;;;;;;
000079;0;0;;;;;;;
000080;2;2;;;;;;;
000081;1;1;;;;;;;
000082;2;2;;;;;;;
000083;1;1;;;;;;;
000084;2;2;;;;;;;
000085;3;3;;;;;;;
000086;3;3;;;;;;;
000087;3;3;;;;;;;
000088;2;2;;;;;;;
000089;0;0;;;;;;;
000090;2;2;;;;;;;
000091;0;0;;;;;;;
000092;0;0;;;;;;;
000093;3;3;;;;;;;
000094;3;3;;;;;;;
000095;0;0;;;;;;;
000096;1;1;;;;;;;
000097;3;3;;;;;;;
000098;0;0;;;;;;;
000099;3;3;;;;;;;
000100;3;3;;;;;;;
000101;0;0;;;;;;;
000102;1;1;;;;;;;
000103;1;1;;;;;;;
000104;4;4;;;;;;;
000105;2;2;;;;;;;
000106;1;1;;;;;;;
000107;3;3;;;;;;;
000108;1;1;;;;;;;
000109;3;3;;;;;;;
000110;2;2;;;;;;;
000111;2;2;;;;;;;
000112;0;0;;;;;;;
000113;3;3;;;;;;;
000114;1;1;;;;;;;
000115;3;3;;;;;;;
000116;2;2;;;;;;;
000117;1;1;;;;;;;
000118;3;3;;;;;;;
000119;2;2;;;;;;;
000120;0;0;;;;;;;
000121;3;3;;;;;;;
000122;3;3;;;;;;;
000123;0;0;;;;;;;
000124;1;1;;;;;;;
000125;0;0;;;;;;;
000126;0;0;;;;;;;
000127;0;0;;;;;;;
000128;0;0;;;;;;;
000129;1;1;;;;;;;
000130;2;2;;;;;;;
000131;0;0;;;;;;;
000132;2;2;;;;;;;
000133;3;3;;;;;;;
000134;2;2;;;;;;;
000135;0;0;;;;;;;
000136;3;3;;;;;;;
000137;1;1;;;;;;;
000138;1;1;;;;;;;
000139;3;3;;;;;;;
000140;1;1;;;;;;;
000141;3;3;;;;;;;
000142;1;1;;;;;;;
000143;3;3;;;;;;;
000144;2;2;;;;;;;
000145;3;3;;;;;;;
000146;0;0;;;;;;;
000147;1;1;;;;;;;
000148;1;1;;;;;;;
000149;2;2;;;;;;;
000150;0;0;;;;;;;
000151;3;3;;;;;;;
000152;0;0;;;;;;;
000153;0;0;;;;;;;
000154;3;3;;;;;;;
000155;2;2;;;;;;;
000156;0;0;;;;;;;
000157;4;4;;;;;;;
000158;2;2;;;;;;;
000159;3;3;;;;;;;
000160;1;1;;;;;;;
000161;2;2;;;;;;;
000162;0;0;;;;;;;
000163;2;2;;;;;;;
000164;2;2;;;;;;;
000165;2;2;;;;;;;
000166;1;1;;;;;;;
000167;2;2;;;;;;;
000168;3;3;;;;;;;
000169;1;1;;;;;;;
000170;2;2;;;;;;;
000171;1;1;;;;;;;
000172;0;0;;;;;;;
000173;3;3;;;;;;;
000174;3;3;;;;;;;
000175;4;4;;;;;;;
000176;0;0;;;;;;;
000177;0;0;;;;;;;
000178;1;1;;;;;;;
000179;2;2;;;;;;;
000180;3;3;;;;;;;
000181;3;3;;;;;;;
000182;2;2;;;;;;;
000183;1;1;;;;;;;
000184;1;1;;;;;;;
000185;2;2;;;;;;;
000186;0;0;;;;;;;
000187;3;3;;;;;;;
000188;4;4;;;;;;;
000189;2;2;;;;;;;
000190;3;3;;;;;;;
000191;2;2;;;;;;;
000192;1;1;;;;;;;
000193;2;2;;;;;;;
000194;1;1;;;;;;;
000195;2;2;;;;;;;
000196;4;4;;;;;;;
000197;0;0;;;;;;;
000198;3;3;;;;;;;
000199;2;2;;;;;;;
000200;0;0;;;;;;;
000201;3;3;;;;;;;
000202;2;2;;;;;;;
000203;1;1;;;;;;;
000204;2;2;;;;;;;
000205;1;1;;;;;;;
000206;1;1;;;;;;;
000207;1;1;;;;;;;
000208;1;1;;;;;;;
000209;1;1;;;;;;;
000210;3;3;;;;;;;
000211;0;0;;;;;;;
000212;2;2;;;;;;;
000213;1;1;;;;;;;
000214;0;0;;;;;;;
000215;0;0;;;;;;;
000216;1;1;;;;;;;
000217;2;2;;;;;;;
000218;2;2;;;;;;;
000219;1;1;;;;;;;
000220;1;1;;;;;;;
000221;4;4;;;;;;;
000222;1;1;;;;;;;
000223;3;3;;;;;;;
000224;0;0;;;;;;;
000225;0;0;;;;;;;
000226;2;2;;;;;;;
000227;0;0;;;;;;;
000228;0;0;;;;;;;
000229;0;0;;;;;;;
000230;0;0;;;;;;;
000231;0;0;;;;;;;
000232;1;1;;;;;;;
000233;2;2;;;;;;;
000234;0;0;;;;;;;
000235;2;2;;;;;;;
000236;1;1;;;;;;;
000237;1;1;;;;;;;
000238;3;3;;;;;;;
000239;0;0;;;;;;;
000240;3;3;;;;;;;
000241;4;4;;;;;;;
000242;0;0;;;;;;;
000243;1;1;;;;;;;
000244;0;0;;;;;;;
000245;3;3;;;;;;;
000246;1;1;;;;;;;
000247;1;1;;;;;;;
000248;0;0;;;;;;;
000249;0;0;;;;;;;
000250;2;2;;;;;;;
000251;2;2;;;;;;;
000252;1;1;;;;;;;
000253;1;1;;;;;;;
000254;0;0;;;;;;;
000255;2;2;;;;;;;
000256;0;0;;;;;;;
000257;0;0;;;;;;;
000258;3;3;;;;;;;
000259;2;2;;;;;;;
000260;1;1;;;;;;;
000261;1;1;;;;;;;
000262;0;0;;;;;;;
000263;3;3;;;;;;;
000264;1;1;;;;;;;
000265;1;1;;;;;;;
000266;0;0;;;;;;;
000267;1;1;;;;;;;
000268;3;3;;;;;;;
000269;0;0;;;;;;;
000270;3;3;;;;;;;
000271;1;1;;;;;;;
000272;0;0;;;;;;;
000273;1;1;;;;;;;
000274;3;3;;;;;;;
000275;3;3;;;;;;;
000276;2;2;;;;;;;
000277;1;1;;;;;;;
000278;2;2;;;;;;;
000279;3;3;;;;;;;
000280;1;1;;;;;;;
000281;2;2;;;;;;;
000282;1;1;;;;;;;
000283;1;1;;;;;;;
000284;3;3;;;;;;;
000285;2;2;;;;;;;
000286;1;1;;;;;;;
000287;0;0;;;;;;;
000288;1;1;;;;;;;
000289;1;1;;;;;;;
000290;1;1;;;;;;;
000291;2;2;;;;;;;
000292;2;2;;;;;;;
000293;0;0;;;;;;;
000294;3;3;;;;;;;
000295;0;0;;;;;;;
000296;1;1;;;;;;;
000297;1;1;;;;;;;
000298;1;1;;;;;;;
000299;1;1;;;;;;;
000300;3;3;;;;;;;
000301;3;3;;;;;;;
000302;2;2;;;;;;;
000303;0;0;;;;;;;
000304;1;1;;;;;;;
000305;0;0;;;;;;;
000306;4;4;;;;;;;
000307;3;3;;;;;;;
000308;3;3;;;;;;;
000309;1;1;;;;;;;
000310;1;1;;;;;;;
000311;3;3;;;;;;;
000312;0;0;;;;;;;
000313;0;0;;;;;;;
000314;2;2;;;;;;;
000315;0;0;;;;;;;
000316;1;1;;;;;;;
000317;2;2;;;;;;;
000318;3;3;;;;;;;
000319;2;2;;;;;;;
000320;3;3;;;;;;;
000321;2;2;;;;;;;
000322;1;1;;;;;;;
000323;3;3;;;;;;;
000324;2;2;;;;;;;
000325;1;1;;;;;;;
000326;1;1;;;;;;;
000327;2;2;;;;;;;
000328;3;3;;;;;;;
000329;1;1;;;;;;;
000330;0;0;;;;;;;
000331;2;2;;;;;;;
000332;3;3;;;;;;;
000333;3;3;;;;;;;
000334;0;0;;;;;;;
000335;0;0;;;;;;;
000336;0;0;;;;;;;
000337;0;0;;;;;;;
000338;1;1;;;;;;;
000339;0;0;;;;;;;
000340;0;0;;;;;;;
000341;0;0;;;;;;;
000342;1;1;;;;;;;
000343;4;4;;;;;;;
000344;2;2;;;;;;;
000345;0;0;;;;;;;
000346;0;0;;;;;;;
000347;1;1;;;;;;;
000348;0;0;;;;;;;
000349;3;3;;;;;;;
000350;3;3;;;;;;;
000351;1;1;;;;;;;
000352;0;0;;;;;;;
000353;0;0;;;;;;;
000354;2;2;;;;;;;
000355;2;2;;;;;;;
000356;0;0;;;;;;;
000357;1;1;;;;;;;
000358;3;3;;;;;;;
000359;1;1;;;;;;;
000360;2;2;;;;;;;
000361;2;2;;;;;;;
000362;3;3;;;;;;;
000363;3;3;;;;;;;
000364;4;4;;;;;;;
000365;1;1;;;;;;;
000366;3;3;;;;;;;
000367;4;4;;;;;;;
000368;1;1;;;;;;;
000369;2;2;;;;;;;
000370;1;1;;;;;;;
000371;2;2;;;;;;;
000372;2;2;;;;;;;
000373;2;2;;;;;;;
000374;2;2;;;;;;;
000375;0;0;;;;;;;
000376;0;0;;;;;;;
000377;0;0;;;;;;;
000378;2;2;;;;;;;
000379;1;1;;;;;;;
000380;1;1;;;;;;;
000381;1;1;;;;;;;
000382;1;1;;;;;;;
000383;3;3;;;;;;;
000384;1;1;;;;;;;
000385;1;1;;;;;;;
000386;1;1;;;;;;;
000387;3;3;;;;;;;
000388;2;2;;;;;;;
000389;2;2;;;;;;;
000390;0;0;;;;;;;
000391;0;0;;;;;;;
000392;2;2;;;;;;;
000393;3;3;;;;;;;
000394;2;2;;;;;;;
000395;0;0;;;;;;;
000396;1;1;;;;;;;
000397;2;2;;;;;;;
000398;3;3;;;;;;;
000399;2;2;;;;;;;
000400;2;2;;;;;;;
000401;1;1;;;;;;;
000402;3;3;;;;;;;
000403;0;0;;;;;;;
000404;1;1;;;;;;;
000405;3;3;;;;;;;
000406;1;1;;;;;;;
000407;3;3;;;;;;;
000408;3;3;;;;;;;
000409;2;2;;;;;;;
000410;3;3;;;;;;;
000411;1;1;;;;;;;
000412;3;3;;;;;;;
000413;0;0;;;;;;;
000414;4;4;;;;;;;
000415;0;0;;;;;;;
000416;2;2;;;;;;;
000417;3;3;;;;;;;
000418;3;3;;;;;;;
000419;3;3;;;;;;;
000420;0;0;;;;;;;
000421;2;2;;;;;;;
000422;0;0;;;;;;;
000423;3;3;;;;;;;
000424;2;2;;;;;;;
000425;1;1;;;;;;;
000426;3;3;;;;;;;
000427;1;1;;;;;;;
000428;0;0;;;;;;;
000429;0;0;;;;;;;
000430;3;3;;;;;;;
000431;2;2;;;;;;;
000432;2;2;;;;;;;
000433;0;0;;;;;;;
000434;0;0;;;;;;;
000435;1;1;;;;;;;
000436;0;0;;;;;;;
000437;0;0;;;;;;;
000438;0;0;;;;;;;
000439;2;2;;;;;;;
000440;3;3;;;;;;;
000441;1;1;;;;;;;
000442;2;2;;;;;;;
000443;1;1;;;;;;;
000444;0;0;;;;;;;
000445;3;3;;;;;;;
000446;4;4;;;;;;;
000447;1;1;;;;;;;
000448;1;1;;;;;;;
000449;0;0;;;;;;;
000450;1;1;;;;;;;
000451;2;2;;;;;;;
000452;0;0;;;;;;;
000453;1;1;;;;;;;
000454;3;3;;;;;;;
000455;1;1;;;;;;;
000456;0;0;;;;;;;
000457;3;3;;;;;;;
000458;3;3;;;;;;;
000459;3;3;;;;;;;
000460;2;2;;;;;;;
000461;1;1;;;;;;;
000462;1;1;;;;;;;
000463;1;1;;;;;;;
000464;2;2;;;;;;;
000465;1;1;;;;;;;
000466;0;0;;;;;;;
000467;3;3;;;;;;;
000468;1;1;;;;;;;
000469;1;1;;;;;;;
000470;2;2;;;;;;;
000471;3;3;;;;;;;
000472;3;3;;;;;;;
000473;0;0;;;;;;;
000474;4;4;;;;;;;
000475;3;3;;;;;;;
000476;2;2;;;;;;;
000477;3;3;;;;;;;
000478;1;1;;;;;;;
000479;0;0;;;;;;;
000480;1;1;;;;;;;
000481;3;3;;;;;;;
000482;1;1;;;;;;;
000483;0;0;;;;;;;
000484;3;3;;;;;;;
000485;2;2;;;;;;;
000486;0;0;;;;;;;
000487;2;2;;;;;;;
000488;1;1;;;;;;;
000489;2;2;;;;;;;
000490;2;2;;;;;;;
000491;3;3;;;;;;;
000492;0;0;;;;;;;
000493;3;3;;;;;;;
000494;2;2;;;;;;;
000495;0;0;;;;;;;
000496;4;4;;;;;;;
000497;3;3;;;;;;;
000498;1;1;;;;;;;
000499;0;0;;;;;;;
000500;1;1;;;;;;;
000501;0;0;;;;;;;
000502;0;0;;;;;;;
000503;3;3;;;;;;;
000504;1;1;;;;;;;
000505;1;1;;;;;;;
000506;1;1;;;;;;;
000507;3;3;;;;;;;
000508;1;1;;;;;;;
000509;3;3;;;;;;;
000510;3;3;;;;;;;
000511;0;0;;;;;;;
000512;1;1;;;;;;;
000513;1;1;;;;;;;
000514;2;2;;;;;;;
000515;3;3;;;;;;;
000516;2;2;;;;;;;
000517;0;0;;;;;;;
000518;1;1;;;;;;;
000519;3;3;;;;;;;
000520;3;3;;;;;;;
000521;2;2;;;;;;;
000522;0;0;;;;;;;
000523;2;2;;;;;;;
000524;3;3;;;;;;;
000525;3;3;;;;;;;
000526;1;1;;;;;;;
000527;3;3;;;;;;;
000528;0;0;;;;;;;
000529;4;4;;;;;;;
000530;2;2;;;;;;;
000531;2;2;;;;;;;
000532;1;1;;;;;;;
000533;2;2;;;;;;;
000534;3;3;;;;;;;
000535;2;2;;;;;;;
000536;2;2;;;;;;;
000537;1;1;;;;;;;
000538;2;2;;;;;;;
000539;3;3;;;;;;;
000540;2;2;;;;;;;
000541;3;3;;;;;;;
000542;2;2;;;;;;;
000543;3;3;;;;;;;
000544;0;0;;;;;;;
000545;1;1;;;;;;;
000546;3;3;;;;;;;
000547;1;1;;;;;;;
000548;2;2;;;;;;;
000549;1;1;;;;;;;
000550;0;0;;;;;;;
000551;4;4;;;;;;;
000552;3;3;;;;;;;
000553;2;2;;;;;;;
000554;0;0;;;;;;;
000555;2;2;;;;;;;
000556;3;3;;;;;;;
000557;1;1;;;;;;;
000558;0;0;;;;;;;
000559;1;1;;;;;;;
000560;2;2;;;;;;;
000561;1;1;;;;;;;
000562;0;0;;;;;;;
000563;1;1;;;;;;;
000564;1;1;;;;;;;
000565;1;1;;;;;;;
000566;3;3;;;;;;;
000567;0;0;;;;;;;
000568;3;3;;;;;;;
000569;0;0;;;;;;;
000570;3;3;;;;;;;
000571;1;1;;;;;;;
000572;3;3;;;;;;;
000573;1;1;;;;;;;
000574;2;2;;;;;;;
000575;2;2;;;;;;;
000576;2;2;;;;;;;
000577;2;2;;;;;;;
000578;1;1;;;;;;;
000579;3;3;;;;;;;
000580;2;2;;;;;;;
000581;2;2;;;;;;;
000582;1;1;;;;;;;
000583;0;0;;;;;;;
000584;2;2;;;;;;;
000585;2;2;;;;;;;
000586;2;2;;;;;;;
000587;0;0;;;;;;;
000588;0;0;;;;;;;
000589;2;2;;;;;;;
000590;0;0;;;;;;;
000591;1;1;;;;;;;
000592;0;0;;;;;;;
000593;2;2;;;;;;;
000594;1;1;;;;;;;
000595;0;0;;;;;;;
000596;0;0;;;;;;;
000597;3;3;;;;;;;
000598;0;0;;;;;;;
000599;0;0;;;;;;;
000600;1;1;;;;;;;
000601;1;1;;;;;;;
000602;0;0;;;;;;;
000603;0;0;;;;;;;
000604;0;0;;;;;;;
000605;3;3;;;;;;;
000606;1;1;;;;;;;
000607;0;0;;;;;;;
000608;1;1;;;;;;;
000609;0;0;;;;;;;
000610;0;0;;;;;;;
000611;1;1;;;;;;;
000612;1;1;;;;;;;
000613;2;2;;;;;;;
000614;3;3;;;;;;;
000615;3;3;;;;;;;
000616;3;3;;;;;;;
000617;3;3;;;;;;;
000618;1;1;;;;;;;
000619;3;3;;;;;;;
000620;3;3;;;;;;;
000621;0;0;;;;;;;
000622;0;0;;;;;;;
000623;3;3;;;;;;;
000624;0;0;;;;;;;
000625;2;2;;;;;;;
000626;3;3;;;;;;;
000627;0;0;;;;;;;
000628;3;3;;;;;;;
000629;3;3;;;;;;;
000630;0;0;;;;;;;
000631;3;3;;;;;;;
000632;2;2;;;;;;;
000633;0;0;;;;;;;
000634;1;1;;;;;;;
000635;1;1;;;;;;;
000636;0;0;;;;;;;
000637;2;2;;;;;;;
000638;2;2;;;;;;;
000639;2;2;;;;;;;
000640;0;0;;;;;;;
000641;3;3;;;;;;;
000642;1;1;;;;;;;
000643;3;3;;;;;;;
000644;0;0;;;;;;;
000645;0;0;;;;;;;
000646;1;1;;;;;;;
000647;2;2;;;;;;;
000648;2;2;;;;;;;
000649;0;0;;;;;;;
000650;0;0;;;;;;;
000651;0;0;;;;;;;
000652;0;0;;;;;;;
000653;0;0;;;;;;;
000654;3;3;;;;;;;
000655;2;2;;;;;;;
000656;3;3;;;;;;;
000657;1;1;;;;;;;
000658;2;2;;;;;;;
000659;0;0;;;;;;;
000660;1;1;;;;;;;
000661;1;1;;;;;;;
000662;2;2;;;;;;;
000663;3;3;;;;;;;
000664;0;0;;;;;;;
000665;1;1;;;;;;;
000666;1;1;;;;;;;
000667;1;1;;;;;;;
000668;0;0;;;;;;;
000669;0;0;;;;;;;
000670;2;2;;;;;;;
000671;0;0;;;;;;;
000672;0;0;;;;;;;
000673;0;0;;;;;;;
000674;0;0;;;;;;;
000675;3;3;;;;;;;
000676;2;2;;;;;;;
000677;1;1;;;;;;;
000678;0;0;;;;;;;
000679;3;3;;;;;;;
000680;2;2;;;;;;;
000681;3;3;;;;;;;
000682;3;3;;;;;;;
000683;2;2;;;;;;;
000684;0;0;;;;;;;
000685;2;2;;;;;;;
000686;4;4;;;;;;;
000687;3;3;;;;;;;
000688;1;1;;;;;;;
000689;1;1;;;;;;;
000690;0;0;;;;;;;
000691;3;3;;;;;;;
000692;2;2;;;;;;;
000693;2;2;;;;;;;
000694;0;0;;;;;;;
000695;3;3;;;;;;;
000696;0;0;;;;;;;
000697;3;3;;;;;;;
000698;1;1;;;;;;;
000699;0;0;;;;;;;
000700;3;3;;;;;;;
000701;1;1;;;;;;;
000702;2;2;;;;;;;
000703;1;1;;;;;;;
000704;1;1;;;;;;;
000705;2;2;;;;;;;
000706;3;3;;;;;;;
000707;0;0;;;;;;;
000708;1;1;;;;;;;
000709;2;2;;;;;;;
000710;0;0;;;;;;;
000711;2;2;;;;;;;
000712;2;2;;;;;;;
000713;2;2;;;;;;;
000714;1;1;;;;;;;
000715;2;2;;;;;;;
000716;0;0;;;;;;;
000717;0;0;;;;;;;
000718;1;1;;;;;;;
000719;3;3;;;;;;;
000720;1;1;;;;;;;
000721;2;2;;;;;;;
000722;2;2;;;;;;;
000723;3;3;;;;;;;
000724;0;0;;;;;;;
000725;2;2;;;;;;;
000726;0;0;;;;;;;
000727;1;1;;;;;;;
000728;2;2;;;;;;;
000729;1;1;;;;;;;
000730;3;3;;;;;;;
000731;0;0;;;;;;;
000732;1;1;;;;;;;
000733;2;2;;;;;;;
000734;2;2;;;;;;;
000735;2;2;;;;;;;
000736;0;0;;;;;;;
000737;3;3;;;;;;;
000738;3;3;;;;;;;
000739;2;2;;;;;;;
000740;0;0;;;;;;;
000741;0;0;;;;;;;
000742;1;1;;;;;;;
000743;0;0;;;;;;;
000744;1;1;;;;;;;
000745;1;1;;;;;;;
000746;3;3;;;;;;;
000747;3;3;;;;;;;
000748;0;0;;;;;;;
000749;2;2;;;;;;;
000750;2;2;;;;;;;
000751;0;0;;;;;;;
000752;2;2;;;;;;;
000753;0;0;;;;;;;
000754;0;0;;;;;;;
000755;3;3;;;;;;;
000756;1;1;;;;;;;
000757;1;1;;;;;;;
000758;1;1;;;;;;;
000759;1;1;;;;;;;
000760;0;0;;;;;;;
000761;2;2;;;;;;;
000762;2;2;;;;;;;
000763;2;2;;;;;;;
000764;2;2;;;;;;;
000765;0;0;;;;;;;
000766;2;2;;;;;;;
000767;2;2;;;;;;;
000768;0;0;;;;;;;
000769;0;0;;;;;;;
000770;1;1;;;;;;;
000771;0;0;;;;;;;
000772;3;3;;;;;;;
000773;2;2;;;;;;;
000774;1;1;;;;;;;
000775;2;2;;;;;;;
000776;0;0;;;;;;;
000777;2;2;;;;;;;
000778;3;3;;;;;;;
000779;3;3;;;;;;;
000780;1;1;;;;;;;
000781;1;1;;;;;;;
000782;2;2;;;;;;;
000783;1;1;;;;;;;
000784;1;1;;;;;;;
000785;1;1;;;;;;;
000786;3;3;;;;;;;
000787;1;1;;;;;;;
000788;1;1;;;;;;;
000789;3;3;;;;;;;
000790;3;3;;;;;;;
000791;2;2;;;;;;;
000792;0;0;;;;;;;
000793;2;2;;;;;;;
000794;3;3;;;;;;;
000795;0;0;;;;;;;
000796;2;2;;;;;;;
000797;1;1;;;;;;;
000798;3;3;;;;;;;
000799;3;3;;;;;;;
000800;3;3;;;;;;;
000801;2;2;;;;;;;
000802;1;1;;;;;;;
000803;2;2;;;;;;;
000804;0;0;;;;;;;
000805;1;1;;;;;;;
000806;3;3;;;;;;;
000807;1;1;;;;;;;
000808;3;3;;;;;;;
000809;1;1;;;;;;;
000810;3;3;;;;;;;
000811;1;1;;;;;;;
000812;2;2;;;;;;;
000813;0;0;;;;;;;
000814;0;0;;;;;;;
000815;2;2;;;;;;;
000816;2;2;;;;;;;
000817;2;2;;;;;;;
000818;4;4;;;;;;;
000819;1;1;;;;;;;
000820;2;2;;;;;;;
000821;0;0;;;;;;;
000822;3;3;;;;;;;
000823;4;4;;;;;;;
000824;1;1;;;;;;;
000825;0;0;;;;;;;
000826;0;0;;;;;;;
000827;1;1;;;;;;;
000828;0;0;;;;;;;
000829;3;3;;;;;;;
000830;2;2;;;;;;;
000831;2;2;;;;;;;
000832;3;3;;;;;;;
000833;1;1;;;;;;;
000834;3;3;;;;;;;
000835;2;2;;;;;;;
000836;0;0;;;;;;;
000837;0;0;;;;;;;
000838;2;2;;;;;;;
000839;2;2;;;;;;;
000840;1;1;;;;;;;
000841;3;3;;;;;;;
000842;1;1;;;;;;;
000843;3;3;;;;;;;
000844;1;1;;;;;;;
000845;1;1;;;;;;;
000846;1;1;;;;;;;
000847;1;1;;;;;;;
000848;3;3;;;;;;;
000849;2;2;;;;;;;
000850;0;0;;;;;;;
000851;1;1;;;;;;;
000852;0;0;;;;;;;
000853;0;0;;;;;;;
000854;1;1;;;;;;;
000855;3;3;;;;;;;
000856;3;3;;;;;;;
000857;0;0;;;;;;;
000858;0;0;;;;;;;
000859;0;0;;;;;;;
000860;2;2;;;;;;;
000861;2;2;;;;;;;
000862;3;3;;;;;;;
000863;0;0;;;;;;;
000864;2;2;;;;;;;
000865;0;0;;;;;;;
000866;2;2;;;;;;;
000867;2;2;;;;;;;
000868;3;3;;;;;;;
000869;0;0;;;;;;;
000870;3;3;;;;;;;
000871;0;0;;;;;;;
000872;2;2;;;;;;;
000873;2;2;;;;;;;
000874;2;2;;;;;;;
000875;0;0;;;;;;;
000876;3;3;;;;;;;
000877;1;1;;;;;;;
000878;2;2;;;;;;;
000879;0;0;;;;;;;
000880;3;3;;;;;;;
000881;3;3;;;;;;;
000882;0;0;;;;;;;
000883;2;2;;;;;;;
000884;2;2;;;;;;;
000885;1;1;;;;;;;
000886;3;3;;;;;;;
000887;2;2;;;;;;;
000888;1;1;;;;;;;
000889;3;3;;;;;;;
000890;2;2;;;;;;;
000891;0;0;;;;;;;
000892;2;2;;;;;;;
000893;1;1;;;;;;;
000894;1;1;;;;;;;
000895;2;2;;;;;;;
000896;3;3;;;;;;;
000897;0;0;;;;;;;
000898;1;1;;;;;;;
000899;1;1;;;;;;;
000900;4;4;;;;;;;
000901;3;3;;;;;;;
000902;0;0;;;;;;;
000903;1;1;;;;;;;
000904;2;2;;;;;;;
000905;2;2;;;;;;;
000906;0;0;;;;;;;
000907;2;2;;;;;;;
000908;1;1;;;;;;;
000909;0;0;;;;;;;
000910;2;2;;;;;;;
000911;2;2;;;;;;;
000912;3;3;;;;;;;
000913;2;2;;;;;;;
000914;1;1;;;;;;;
000915;2;2;;;;;;;
000916;2;2;;;;;;;
000917;3;3;;;;;;;
000918;3;3;;;;;;;
000919;2;2;;;;;;;
000920;2;2;;;;;;;
000921;2;2;;;;;;;
000922;2;2;;;;;;;
000923;3;3;;;;;;;
000924;1;1;;;;;;;
000925;0;0;;;;;;;
000926;3;3;;;;;;;
000927;1;1;;;;;;;
000928;0;0;;;;;;;
000929;3;3;;;;;;;
000930;1;1;;;;;;;
000931;1;1;;;;;;;
000932;3;3;;;;;;;
000933;0;0;;;;;;;
000934;2;2;;;;;;;
000935;2;2;;;;;;;
000936;1;1;;;;;;;
000937;3;3;;;;;;;
000938;1;1;;;;;;;
000939;2;2;;;;;;;
000940;2;2;;;;;;;
000941;0;0;;;;;;;
000942;0;0;;;;;;;
000943;2;2;;;;;;;
000944;3;3;;;;;;;
000945;2;2;;;;;;;
000946;2;2;;;;;;;
000947;0;0;;;;;;;
000948;0;0;;;;;;;
000949;0;0;;;;;;;
000950;1;1;;;;;;;
000951;0;0;;;;;;;
000952;3;3;;;;;;;
000953;3;3;;;;;;;
000954;2;2;;;;;;;
000955;1;1;;;;;;;
000956;3;3;;;;;;;
000957;1;1;;;;;;;
000958;2;2;;;;;;;
000959;2;2;;;;;;;
000960;2;2;;;;;;;
000961;2;2;;;;;;;
000962;3;3;;;;;;;
000963;2;2;;;;;;;
000964;0;0;;;;;;;
000965;3;3;;;;;;;
000966;1;1;;;;;;;
000967;3;3;;;;;;;
000968;2;2;;;;;;;
000969;3;3;;;;;;;
000970;0;0;;;;;;;
000971;3;3;;;;;;;
000972;0;0;;;;;;;
000973;2;2;;;;;;;
000974;0;0;;;;;;;
000975;0;0;;;;;;;
000976;1;1;;;;;;;
000977;2;2;;;;;;;
000978;1;1;;;;;;;
000979;1;1;;;;;;;
000980;0;0;;;;;;;
000981;1;1;;;;;;;
000982;3;3;;;;;;;
000983;0;0;;;;;;;
000984;2;2;;;;;;;
000985;3;3;;;;;;;
000986;1;1;;;;;;;
000987;3;3;;;;;;;
000988;2;2;;;;;;;
000989;2;2;;;;;;;
000990;3;3;;;;;;;
000991;1;1;;;;;;;
000992;0;0;;;;;;;
000993;1;1;;;;;;;
000994;3;3;;;;;;;
000995;3;3;;;;;;;
000996;3;3;;;;;;;
000997;0;0;;;;;;;
000998;3;3;;;;;;;
000999;2;2;;;;;;;
001000;0;0;;;;;;;
001001;2;2;;;;;;;
001002;2;2;;;;;;;
001003;2;2;;;;;;;
001004;3;3;;;;;;;
001005;0;0;;;;;;;
001006;3;3;;;;;;;
001007;4;4;;;;;;;
001008;2;2;;;;;;;
001009;0;0;;;;;;;
001010;2;2;;;;;;;
001011;0;0;;;;;;;
001012;0;0;;;;;;;
001013;1;1;;;;;;;
001014;1;1;;;;;;;
001015;3;3;;;;;;;
001016;2;2;;;;;;;
001017;3;3;;;;;;;
001018;1;1;;;;;;;
001019;2;2;;;;;;;
001020;2;2;;;;;;;
001021;1;1;;;;;;;
001022;0;0;;;;;;;
001023;1;1;;;;;;;
001024;2;2;;;;;;;
001025;1;1;;;;;;;
001026;1;1;;;;;;;
001027;0;0;;;;;;;
001028;1;1;;;;;;;
001029;3;3;;;;;;;
001030;1;1;;;;;;;
001031;1;1;;;;;;;
001032;2;2;;;;;;;
001033;1;1;;;;;;;
001034;2;2;;;;;;;
001035;0;0;;;;;;;
001036;0;0;;;;;;;
001037;1;1;;;;;;;
001038;2;2;;;;;;;
001039;0;0;;;;;;;
001040;2;2;;;;;;;
001041;1;1;;;;;;;
001042;1;1;;;;;;;
001043;2;2;;;;;;;
001044;3;3;;;;;;;
001045;1;1;;;;;;;
001046;3;3;;;;;;;
001047;1;1;;;;;;;
001048;2;2;;;;;;;
001049;2;2;;;;;;;
001050;3;3;;;;;;;
001051;3;3;;;;;;;
001052;2;2;;;;;;;
001053;4;4;;;;;;;
001054;0;0;;;;;;;
001055;0;0;;;;;;;
001056;2;2;;;;;;;
001057;3;3;;;;;;;
001058;0;0;;;;;;;
001059;2;2;;;;;;;
001060;0;0;;;;;;;
001061;0;0;;;;;;;
001062;1;1;;;;;;;
001063;0;0;;;;;;;
001064;1;1;;;;;;;
001065;1;1;;;;;;;
001066;0;0;;;;;;;
001067;2;2;;;;;;;
001068;2;2;;;;;;;
001069;3;3;;;;;;;
001070;2;2;;;;;;;
001071;3;3;;;;;;;
001072;0;0;;;;;;;
001073;2;2;;;;;;;
001074;0;0;;;;;;;
001075;2;2;;;;;;;
001076;1;1;;;;;;;
001077;2;2;;;;;;;
001078;1;1;;;;;;;
001079;0;0;;;;;;;
001080;1;1;;;;;;;
001081;2;2;;;;;;;
001082;2;2;;;;;;;
001083;2;2;;;;;;;
001084;0;0;;;;;;;
001085;1;1;;;;;;;
001086;2;2;;;;;;;
001087;2;2;;;;;;;
001088;3;3;;;;;;;
001089;3;3;;;;;;;
001090;3;3;;;;;;;
001091;3;3;;;;;;;
001092;1;1;;;;;;;
001093;1;1;;;;;;;
001094;0;0;;;;;;;
001095;0;0;;;;;;;
001096;1;1;;;;;;;
001097;2;2;;;;;;;
001098;3;3;;;;;;;
001099;3;3;;;;;;;
001100;1;1;;;;;;;
001101;2;2;;;;;;;
001102;0;0;;;;;;;
001103;2;2;;;;;;;
001104;1;1;;;;;;;
001105;2;2;;;;;;;
001106;1;1;;;;;;;
001107;1;1;;;;;;;
001108;1;1;;;;;;;
001109;1;1;;;;;;;
001110;3;3;;;;;;;
001111;3;3;;;;;;;
001112;0;0;;;;;;;
001113;0;0;;;;;;;
001114;0;0;;;;;;;
001115;2;2;;;;;;;
001116;2;2;;;;;;;
001117;0;0;;;;;;;
001118;2;2;;;;;;;
001119;0;0;;;;;;;
001120;3;3;;;;;;;
001121;3;3;;;;;;;
001122;3;3;;;;;;;
001123;3;3;;;;;;;
001124;3;3;;;;;;;
001125;2;2;;;;;;;
001126;2;2;;;;;;;
001127;3;3;;;;;;;
001128;0;0;;;;;;;
001129;0;0;;;;;;;
001130;3;3;;;;;;;
001131;1;1;;;;;;;
001132;1;1;;;;;;;
001133;0;0;;;;;;;
001134;2;2;;;;;;;
001135;2;2;;;;;;;
001136;0;0;;;;;;;
001137;1;1;;;;;;;
001138;2;2;;;;;;;
001139;3;3;;;;;;;
001140;2;2;;;;;;;
001141;1;1;;;;;;;
001142;3;3;;;;;;;
001143;1;1;;;;;;;
001144;0;0;;;;;;;
001145;3;3;;;;;;;
001146;0;0;;;;;;;
001147;1;1;;;;;;;
001148;2;2;;;;;;;
001149;1;1;;;;;;;
001150;2;2;;;;;;;
001151;0;0;;;;;;;
001152;1;1;;;;;;;
001153;1;1;;;;;;;
001154;4;4;;;;;;;
001155;1;1;;;;;;;
001156;2;2;;;;;;;
001157;3;3;;;;;;;
001158;1;1;;;;;;;
001159;2;2;;;;;;;
001160;1;1;;;;;;;
001161;2;2;;;;;;;
001162;1;1;;;;;;;
001163;0;0;;;;;;;
001164;3;3;;;;;;;
001165;1;1;;;;;;;
001166;2;2;;;;;;;
001167;2;2;;;;;;;
001168;2;2;;;;;;;
001169;0;0;;;;;;;
001170;1;1;;;;;;;
001171;1;1;;;;;;;
001172;1;1;;;;;;;
001173;0;0;;;;;;;
001174;1;1;;;;;;;
001175;3;3;;;;;;;
001176;0;0;;;;;;;
001177;1;1;;;;;;;
001178;3;3;;;;;;;
001179;1;1;;;;;;;
001180;2;2;;;;;;;
001181;3;3;;;;;;;
001182;2;2;;;;;;;
001183;0;0;;;;;;;
001184;0;0;;;;;;;
001185;1;1;;;;;;;
001186;0;0;;;;;;;
001187;2;2;;;;;;;
001188;2;2;;;;;;;
001189;1;1;;;;;;;
001190;2;2;;;;;;;
001191;4;4;;;;;;;
001192;1;1;;;;;;;
001193;0;0;;;;;;;
001194;1;1;;;;;;;
001195;2;2;;;;;;;
001196;0;0;;;;;;;
001197;1;1;;;;;;;
001198;1;1;;;;;;;
001199;3;3;;;;;;;
001200;1;1;;;;;;;
001201;1;1;;;;;;;
001202;1;1;;;;;;;
001203;0;0;;;;;;;
001204;2;2;;;;;;;
001205;2;2;;;;;;;
001206;0;0;;;;;;;
001207;3;3;;;;;;;
001208;1;1;;;;;;;
001209;3;3;;;;;;;
001210;1;1;;;;;;;
001211;3;3;;;;;;;
001212;3;3;;;;;;;
001213;0;0;;;;;;;
001214;2;2;;;;;;;
001215;3;3;;;;;;;
001216;0;0;;;;;;;
001217;2;2;;;;;;;
001218;3;3;;;;;;;
001219;1;1;;;;;;;
001220;0;0;;;;;;;
001221;3;3;;;;;;;
001222;3;3;;;;;;;
001223;0;0;;;;;;;
001224;3;3;;;;;;;
001225;2;2;;;;;;;
001226;1;1;;;;;;;
001227;2;2;;;;;;;
001228;2;2;;;;;;;
001229;2;2;;;;;;;
001230;3;3;;;;;;;
001231;2;2;;;;;;;
001232;0;0;;;;;;;
001233;2;2;;;;;;;
001234;1;1;;;;;;;
001235;3;3;;;;;;;
001236;1;1;;;;;;;
001237;0;0;;;;;;;
001238;0;0;;;;;;;
001239;2;2;;;;;;;
001240;3;3;;;;;;;
001241;1;1;;;;;;;
001242;1;1;;;;;;;
001243;1;1;;;;;;;
001244;2;2;;;;;;;
001245;1;1;;;;;;;
001246;3;3;;;;;;;
001247;2;2;;;;;;;
001248;2;2;;;;;;;
001249;3;3;;;;;;;
001250;3;3;;;;;;;
001251;1;1;;;;;;;
001252;3;3;;;;;;;
001253;1;1;;;;;;;
001254;4;4;;;;;;;
001255;3;3;;;;;;;
001256;2;2;;;;;;;
001257;2;2;;;;;;;
001258;3;3;;;;;;;
001259;1;1;;;;;;;
001260;3;3;;;;;;;
001261;1;1;;;;;;;
001262;2;2;;;;;;;
001263;0;0;;;;;;;
001264;3;3;;;;;;;
001265;2;2;;;;;;;
001266;2;2;;;;;;;
001267;3;3;;;;;;;
001268;2;2;;;;;;;
001269;1;1;;;;;;;
001270;0;0;;;;;;;
001271;3;3;;;;;;;
001272;2;2;;;;;;;
001273;0;0;;;;;;;
001274;2;2;;;;;;;
001275;3;3;;;;;;;
001276;3;3;;;;;;;
001277;3;3;;;;;;;
001278;2;2;;;;;;;
001279;1;1;;;;;;;
001280;3;3;;;;;;;
001281;3;3;;;;;;;
001282;3;3;;;;;;;
001283;1;1;;;;;;;
001284;2;2;;;;;;;
001285;0;0;;;;;;;
001286;2;2;;;;;;;
001287;1;1;;;;;;;
001288;1;1;;;;;;;
001289;1;1;;;;;;;
001290;1;1;;;;;;;
001291;0;0;;;;;;;
001292;4;4;;;;;;;
001293;3;3;;;;;;;
001294;0;0;;;;;;;
001295;0;0;;;;;;;
001296;1;1;;;;;;;
001297;0;0;;;;;;;
001298;2;2;;;;;;;
001299;3;3;;;;;;;
001300;1;1;;;;;;;
001301;0;0;;;;;;;
001302;2;2;;;;;;;
001303;2;2;;;;;;;
001304;2;2;;;;;;;
001305;3;3;;;;;;;
001306;1;1;;;;;;;
001307;3;3;;;;;;;
001308;2;2;;;;;;;
001309;3;3;;;;;;;
001310;0;0;;;;;;;
001311;2;2;;;;;;;
001312;0;0;;;;;;;
001313;3;3;;;;;;;
001314;2;2;;;;;;;
001315;1;1;;;;;;;
001316;2;2;;;;;;;
001317;3;3;;;;;;;
001318;3;3;;;;;;;
001319;3;3;;;;;;;
001320;2;2;;;;;;;
001321;2;2;;;;;;;
001322;1;1;;;;;;;
001323;4;4;;;;;;;
001324;3;3;;;;;;;
001325;0;0;;;;;;;
001326;0;0;;;;;;;
001327;0;0;;;;;;;
001328;3;3;;;;;;;
001329;3;3;;;;;;;
001330;1;1;;;;;;;
001331;1;1;;;;;;;
001332;1;1;;;;;;;
001333;2;2;;;;;;;
001334;0;0;;;;;;;
001335;1;1;;;;;;;
001336;3;3;;;;;;;
001337;1;1;;;;;;;
001338;0;0;;;;;;;
001339;0;0;;;;;;;
001340;2;2;;;;;;;
001341;0;0;;;;;;;
001342;0;0;;;;;;;
001343;2;2;;;;;;;
001344;4;4;;;;;;;
001345;0;0;;;;;;;
001346;0;0;;;;;;;
001347;1;1;;;;;;;
001348;0;0;;;;;;;
001349;3;3;;;;;;;
001350;0;0;;;;;;;
001351;0;0;;;;;;;
001352;1;1;;;;;;;
001353;3;3;;;;;;;
001354;2;2;;;;;;;
001355;1;1;;;;;;;
001356;1;1;;;;;;;
001357;0;0;;;;;;;
001358;3;3;;;;;;;
001359;0;0;;;;;;;
001360;0;0;;;;;;;
001361;1;1;;;;;;;
001362;2;2;;;;;;;
001363;3;3;;;;;;;
001364;3;3;;;;;;;
001365;2;2;;;;;;;
001366;2;2;;;;;;;
001367;0;0;;;;;;;
001368;3;3;;;;;;;
001369;2;2;;;;;;;
001370;3;3;;;;;;;
001371;0;0;;;;;;;
001372;1;1;;;;;;;
001373;1;1;;;;;;;
001374;1;1;;;;;;;
001375;0;0;;;;;;;
001376;1;1;;;;;;;
001377;3;3;;;;;;;
001378;1;1;;;;;;;
001379;3;3;;;;;;;
001380;0;0;;;;;;;
001381;3;3;;;;;;;
001382;2;2;;;;;;;
001383;0;0;;;;;;;
001384;1;1;;;;;;;
001385;3;3;;;;;;;
001386;3;3;;;;;;;
001387;3;3;;;;;;;
001388;1;1;;;;;;;
001389;0;0;;;;;;;
001390;4;4;;;;;;;
001391;0;0;;;;;;;
001392;2;2;;;;;;;
001393;0;0;;;;;;;
001394;1;1;;;;;;;
001395;3;3;;;;;;;
001396;0;0;;;;;;;
001397;0;0;;;;;;;
001398;2;2;;;;;;;
001399;1;1;;;;;;;
001400;3;3;;;;;;;
001401;0;0;;;;;;;
001402;1;1;;;;;;;
001403;0;0;;;;;;;
001404;0;0;;;;;;;
001405;1;1;;;;;;;
001406;1;1;;;;;;;
001407;3;3;;;;;;;
001408;2;2;;;;;;;
001409;1;1;;;;;;;
001410;2;2;;;;;;;
001411;1;1;;;;;;;
001412;4;4;;;;;;;
001413;3;3;;;;;;;
001414;2;2;;;;;;;
001415;2;2;;;;;;;
001416;3;3;;;;;;;
001417;1;1;;;;;;;
001418;2;2;;;;;;;
001419;2;2;;;;;;;
001420;3;3;;;;;;;
001421;0;0;;;;;;;
001422;1;1;;;;;;;
001423;0;0;;;;;;;
001424;2;2;;;;;;;
001425;0;0;;;;;;;
001426;3;3;;;;;;;
001427;2;2;;;;;;;
001428;2;2;;;;;;;
001429;2;2;;;;;;;
001430;2;2;;;;;;;
001431;1;1;;;;;;;
001432;3;3;;;;;;;
001433;2;2;;;;;;;
001434;0;0;;;;;;;
001435;1;1;;;;;;;
001436;3;3;;;;;;;
001437;3;3;;;;;;;
001438;0;0;;;;;;;
001439;2;2;;;;;;;
001440;1;1;;;;;;;
001441;3;3;;;;;;;
001442;2;2;;;;;;;
001443;2;2;;;;;;;
001444;2;2;;;;;;;
001445;1;1;;;;;;;
001446;1;1;;;;;;;
001447;3;3;;;;;;;
001448;2;2;;;;;;;
001449;1;1;;;;;;;
001450;2;2;;;;;;;
001451;2;2;;;;;;;
001452;3;3;;;;;;;
001453;1;1;;;;;;;
001454;3;3;;;;;;;
001455;1;1;;;;;;;
001456;1;1;;;;;;;
001457;0;0;;;;;;;
001458;1;1;;;;;;;
001459;0;0;;;;;;;
001460;1;1;;;;;;;
001461;2;2;;;;;;;
001462;0;0;;;;;;;
001463;3;3;;;;;;;
001464;2;2;;;;;;;
001465;1;1;;;;;;;
001466;3;3;;;;;;;
001467;1;1;;;;;;;
001468;0;0;;;;;;;
001469;0;0;;;;;;;
001470;1;1;;;;;;;
001471;1;1;;;;;;;
001472;2;2;;;;;;;
001473;1;1;;;;;;;
001474;0;0;;;;;;;
001475;0;0;;;;;;;
001476;4;4;;;;;;;
001477;2;2;;;;;;;
001478;1;1;;;;;;;
001479;3;3;;;;;;;
001480;2;2;;;;;;;
001481;0;0;;;;;;;
001482;0;0;;;;;;;
001483;0;0;;;;;;;
001484;2;2;;;;;;;
001485;1;1;;;;;;;
001486;3;3;;;;;;;
001487;0;0;;;;;;;
001488;2;2;;;;;;;
001489;1;1;;;;;;;
001490;1;1;;;;;;;
001491;1;1;;;;;;;
001492;3;3;;;;;;;
001493;3;3;;;;;;;
001494;0;0;;;;;;;
001495;3;3;;;;;;;
001496;3;3;;;;;;;
001497;2;2;;;;;;;
001498;0;0;;;;;;;
001499;1;1;;;;;;;
001500;1;1;;;;;;;
001501;0;0;;;;;;;
001502;2;2;;;;;;;
001503;3;3;;;;;;;
001504;0;0;;;;;;;
001505;0;0;;;;;;;
001506;2;2;;;;;;;
001507;3;3;;;;;;;
001508;1;1;;;;;;;
001509;0;0;;;;;;;
001510;1;1;;;;;;;
001511;0;0;;;;;;;
001512;2;2;;;;;;;
001513;2;2;;;;;;;
001514;2;2;;;;;;;
001515;3;3;;;;;;;
001516;0;0;;;;;;;
001517;0;0;;;;;;;
001518;0;0;;;;;;;
001519;1;1;;;;;;;
001520;1;1;;;;;;;
001521;3;3;;;;;;;
001522;0;0;;;;;;;
001523;1;1;;;;;;;
001524;1;1;;;;;;;
001525;1;1;;;;;;;
001526;0;0;;;;;;;
001527;4;4;;;;;;;
001528;3;3;;;;;;;
001529;1;1;;;;;;;
001530;1;1;;;;;;;
001531;3;3;;;;;;;
001532;3;3;;;;;;;
001533;3;3;;;;;;;
001534;1;1;;;;;;;
001535;1;1;;;;;;;
001536;3;3;;;;;;;
001537;2;2;;;;;;;
001538;3;3;;;;;;;
001539;1;1;;;;;;;
001540;1;1;;;;;;;
001541;0;0;;;;;;;
001542;0;0;;;;;;;
001543;0;0;;;;;;;
001544;2;2;;;;;;;
001545;1;1;;;;;;;
001546;0;0;;;;;;;
001547;1;1;;;;;;;
001548;0;0;;;;;;;
001549;3;3;;;;;;;
001550;2;2;;;;;;;
001551;1;1;;;;;;;
001552;3;3;;;;;;;
001553;0;0;;;;;;;
001554;1;1;;;;;;;
001555;0;0;;;;;;;
001556;3;3;;;;;;;
001557;4;4;;;;;;;
001558;3;3;;;;;;;
001559;2;2;;;;;;;
001560;2;2;;;;;;;
001561;1;1;;;;;;;
001562;2;2;;;;;;;
001563;2;2;;;;;;;
001564;0;0;;;;;;;
001565;1;1;;;;;;;
001566;1;1;;;;;;;
001567;1;1;;;;;;;
001568;2;2;;;;;;;
001569;0;0;;;;;;;
001570;1;1;;;;;;;
001571;2;2;;;;;;;
001572;3;3;;;;;;;
001573;2;2;;;;;;;
001574;2;2;;;;;;;
001575;1;1;;;;;;;
001576;2;2;;;;;;;
001577;1;1;;;;;;;
001578;0;0;;;;;;;
001579;2;2;;;;;;;
001580;1;1;;;;;;;
001581;0;0;;;;;;;
001582;3;3;;;;;;;
001583;0;0;;;;;;;
001584;0;0;;;;;;;
001585;1;1;;;;;;;
001586;3;3;;;;;;;
001587;0;0;;;;;;;
001588;1;1;;;;;;;
001589;0;0;;;;;;;
001590;3;3;;;;;;;
001591;1;1;;;;;;;
001592;0;0;;;;;;;
001593;0;0;;;;;;;
001594;2;2;;;;;;;
001595;3;3;;;;;;;
001596;3;3;;;;;;;
001597;0;0;;;;;;;
001598;2;2;;;;;;;
001599;2;2;;;;;;;
001600;3;3;;;;;;;
001601;2;2;;;;;;;
001602;0;0;;;;;;;
001603;0;0;;;;;;;
001604;3;3;;;;;;;
001605;0;0;;;;;;;
001606;1;1;;;;;;;
001607;2;2;;;;;;;
001608;0;0;;;;;;;
001609;2;2;;;;;;;
001610;0;0;;;;;;;
001611;1;1;;;;;;;
001612;0;0;;;;;;;
001613;1;1;;;;;;;
001614;3;3;;;;;;;
001615;3;3;;;;;;;
001616;0;0;;;;;;;
001617;3;3;;;;;;;
001618;2;2;;;;;;;
001619;1;1;;;;;;;
001620;0;0;;;;;;;
001621;2;2;;;;;;;
001622;2;2;;;;;;;
001623;1;1;;;;;;;
001624;0;0;;;;;;;
001625;1;1;;;;;;;
001626;3;3;;;;;;;
001627;2;2;;;;;;;
001628;3;3;;;;;;;
001629;3;3;;;;;;;
001630;0;0;;;;;;;
001631;0;0;;;;;;;
001632;3;3;;;;;;;
001633;1;1;;;;;;;
001634;2;2;;;;;;;
001635;2;2;;;;;;;
001636;3;3;;;;;;;
001637;1;1;;;;;;;
001638;1;1;;;;;;;
001639;0;0;;;;;;;
001640;0;0;;;;;;;
001641;2;2;;;;;;;
001642;2;2;;;;;;;
001643;0;0;;;;;;;
001644;0;0;;;;;;;
001645;0;0;;;;;;;
001646;2;2;;;;;;;
001647;1;1;;;;;;;
001648;0;0;;;;;;;
001649;3;3;;;;;;;
001650;0;0;;;;;;;
001651;2;2;;;;;;;
001652;2;2;;;;;;;
001653;2;2;;;;;;;
001654;2;2;;;;;;;
001655;2;2;;;;;;;
001656;2;2;;;;;;;
001657;2;2;;;;;;;
001658;3;3;;;;;;;
001659;0;0;;;;;;;
001660;0;0;;;;;;;
001661;2;2;;;;;;;
001662;0;0;;;;;;;
001663;0;0;;;;;;;
001664;2;2;;;;;;;
001665;2;2;;;;;;;
001666;3;3;;;;;;;
001667;3;3;;;;;;;
001668;3;3;;;;;;;
001669;2;2;;;;;;;
001670;2;2;;;;;;;
001671;2;2;;;;;;;
001672;1;1;;;;;;;
001673;3;3;;;;;;;
001674;0;0;;;;;;;
001675;3;3;;;;;;;
001676;1;1;;;;;;;
001677;1;1;;;;;;;
001678;3;3;;;;;;;
001679;1;1;;;;;;;
001680;3;3;;;;;;;
001681;1;1;;;;;;;
001682;0;0;;;;;;;
001683;2;2;;;;;;;
001684;0;0;;;;;;;
001685;0;0;;;;;;;
001686;1;1;;;;;;;
001687;1;1;;;;;;;
001688;2;2;;;;;;;
001689;0;0;;;;;;;
001690;3;3;;;;;;;
001691;0;0;;;;;;;
001692;2;2;;;;;;;
001693;2;2;;;;;;;
001694;2;2;;;;;;;
001695;0;0;;;;;;;
001696;1;1;;;;;;;
001697;1;1;;;;;;;
001698;2;2;;;;;;;
001699;3;3;;;;;;;
001700;1;1;;;;;;;
001701;1;1;;;;;;;
001702;0;0;;;;;;;
001703;3;3;;;;;;;
001704;2;2;;;;;;;
001705;2;2;;;;;;;
001706;0;0;;;;;;;
001707;3;3;;;;;;;
001708;3;3;;;;;;;
001709;0;0;;;;;;;
001710;2;2;;;;;;;
001711;3;3;;;;;;;
001712;3;3;;;;;;;
001713;2;2;;;;;;;
001714;1;1;;;;;;;
001715;2;2;;;;;;;
001716;2;2;;;;;;;
001717;3;3;;;;;;;
001718;0;0;;;;;;;
001719;2;2;;;;;;;
001720;0;0;;;;;;;
001721;0;0;;;;;;;
001722;3;3;;;;;;;
001723;2;2;;;;;;;
001724;2;2;;;;;;;
001725;0;0;;;;;;;
001726;0;0;;;;;;;
001727;2;2;;;;;;;
001728;1;1;;;;;;;
001729;3;3;;;;;;;
001730;3;3;;;;;;;
001731;2;2;;;;;;;
001732;3;3;;;;;;;
001733;1;1;;;;;;;
001734;2;2;;;;;;;
001735;3;3;;;;;;;
001736;3;3;;;;;;;
001737;2;2;;;;;;;
001738;3;3;;;;;;;
001739;1;1;;;;;;;
001740;4;4;;;;;;;
001741;1;1;;;;;;;
001742;1;1;;;;;;;
001743;1;1;;;;;;;
001744;0;0;;;;;;;
001745;1;1;;;;;;;
001746;1;1;;;;;;;
001747;4;4;;;;;;;
001748;1;1;;;;;;;
001749;4;4;;;;;;;
001750;3;3;;;;;;;
001751;0;0;;;;;;;
001752;1;1;;;;;;;
001753;2;2;;;;;;;
001754;2;2;;;;;;;
001755;0;0;;;;;;;
001756;3;3;;;;;;;
001757;2;2;;;;;;;
001758;2;2;;;;;;;
001759;3;3;;;;;;;
001760;1;1;;;;;;;
001761;0;0;;;;;;;
001762;3;3;;;;;;;
001763;0;0;;;;;;;
001764;2;2;;;;;;;
001765;0;0;;;;;;;
001766;0;0;;;;;;;
001767;0;0;;;;;;;
001768;0;0;;;;;;;
001769;0;0;;;;;;;
001770;4;4;;;;;;;
001771;0;0;;;;;;;
001772;1;1;;;;;;;
001773;2;2;;;;;;;
001774;2;2;;;;;;;
001775;0;0;;;;;;;
001776;3;3;;;;;;;
001777;2;2;;;;;;;
001778;1;1;;;;;;;
001779;0;0;;;;;;;
001780;2;2;;;;;;;
001781;0;0;;;;;;;
001782;3;3;;;;;;;
001783;0;0;;;;;;;
001784;2;2;;;;;;;
001785;1;1;;;;;;;
001786;3;3;;;;;;;
001787;2;2;;;;;;;
001788;3;3;;;;;;;
001789;3;3;;;;;;;
001790;0;0;;;;;;;
001791;1;1;;;;;;;
001792;1;1;;;;;;;
001793;0;0;;;;;;;
001794;3;3;;;;;;;
001795;0;0;;;;;;;
001796;0;0;;;;;;;
001797;1;1;;;;;;;
001798;1;1;;;;;;;
001799;1;1;;;;;;;
001800;0;0;;;;;;;
001801;1;1;;;;;;;
001802;1;1;;;;;;;
001803;2;2;;;;;;;
001804;2;2;;;;;;;
001805;3;3;;;;;;;
001806;4;4;;;;;;;
001807;1;1;;;;;;;
001808;0;0;;;;;;;
001809;2;2;;;;;;;
001810;2;2;;;;;;;
001811;2;2;;;;;;;
001812;1;1;;;;;;;
001813;0;0;;;;;;;
001814;2;2;;;;;;;
001815;0;0;;;;;;;
001816;1;1;;;;;;;
001817;2;2;;;;;;;
001818;0;0;;;;;;;
001819;2;2;;;;;;;
001820;0;0;;;;;;;
001821;1;1;;;;;;;
001822;3;3;;;;;;;
001823;4;4;;;;;;;
001824;2;2;;;;;;;
001825;2;2;;;;;;;
001826;2;2;;;;;;;
001827;3;3;;;;;;;
001828;0;0;;;;;;;
001829;3;3;;;;;;;
001830;4;4;;;;;;;
001831;1;1;;;;;;;
001832;2;2;;;;;;;
001833;2;2;;;;;;;
001834;2;2;;;;;;;
001835;0;0;;;;;;;
001836;2;2;;;;;;;
001837;3;3;;;;;;;
001838;2;2;;;;;;;
001839;3;3;;;;;;;
001840;2;2;;;;;;;
001841;1;1;;;;;;;
001842;0;0;;;;;;;
001843;3;3;;;;;;;
001844;2;2;;;;;;;
001845;0;0;;;;;;;
001846;3;3;;;;;;;
001847;3;3;;;;;;;
001848;3;3;;;;;;;
001849;3;3;;;;;;;
001850;3;3;;;;;;;
001851;2;2;;;;;;;
001852;1;1;;;;;;;
001853;0;0;;;;;;;
001854;3;3;;;;;;;
001855;1;1;;;;;;;
001856;1;1;;;;;;;
001857;0;0;;;;;;;
001858;1;1;;;;;;;
001859;0;0;;;;;;;
001860;2;2;;;;;;;
001861;2;2;;;;;;;
001862;0;0;;;;;;;
001863;0;0;;;;;;;
001864;0;0;;;;;;;
001865;2;2;;;;;;;
001866;2;2;;;;;;;
001867;3;3;;;;;;;
001868;4;4;;;;;;;
001869;3;3;;;;;;;
001870;2;2;;;;;;;
001871;2;2;;;;;;;
001872;0;0;;;;;;;
001873;1;1;;;;;;;
001874;3;3;;;;;;;
001875;0;0;;;;;;;
001876;1;1;;;;;;;
001877;1;1;;;;;;;
001878;2;2;;;;;;;
001879;1;1;;;;;;;
001880;3;3;;;;;;;
001881;3;3;;;;;;;
001882;0;0;;;;;;;
001883;3;3;;;;;;;
001884;0;0;;;;;;;
001885;0;0;;;;;;;
001886;1;1;;;;;;;
001887;1;1;;;;;;;
001888;1;1;;;;;;;
001889;2;2;;;;;;;
001890;2;2;;;;;;;
001891;2;2;;;;;;;
001892;3;3;;;;;;;
001893;0;0;;;;;;;
001894;1;1;;;;;;;
001895;2;2;;;;;;;
001896;2;2;;;;;;;
001897;1;1;;;;;;;
001898;0;0;;;;;;;
001899;1;1;;;;;;;
001900;2;2;;;;;;;
001901;1;1;;;;;;;
001902;3;3;;;;;;;
001903;1;1;;;;;;;
001904;3;3;;;;;;;
001905;2;2;;;;;;;
001906;2;2;;;;;;;
001907;3;3;;;;;;;
001908;3;3;;;;;;;
001909;3;3;;;;;;;
001910;0;0;;;;;;;
001911;4;4;;;;;;;
001912;3;3;;;;;;;
001913;2;2;;;;;;;
001914;3;3;;;;;;;
001915;1;1;;;;;;;
001916;0;0;;;;;;;
001917;2;2;;;;;;;
001918;1;1;;;;;;;
001919;3;3;;;;;;;
001920;3;3;;;;;;;
001921;0;0;;;;;;;
001922;3;3;;;;;;;
001923;0;0;;;;;;;
001924;2;2;;;;;;;
001925;1;1;;;;;;;
001926;3;3;;;;;;;
001927;1;1;;;;;;;
001928;2;2;;;;;;;
001929;1;1;;;;;;;
001930;2;2;;;;;;;
001931;0;0;;;;;;;
001932;1;1;;;;;;;
001933;2;2;;;;;;;
001934;0;0;;;;;;;
001935;1;1;;;;;;;
001936;2;2;;;;;;;
001937;3;3;;;;;;;
001938;1;1;;;;;;;
001939;3;3;;;;;;;
001940;1;1;;;;;;;
001941;2;2;;;;;;;
001942;3;3;;;;;;;
001943;3;3;;;;;;;
001944;0;0;;;;;;;
001945;2;2;;;;;;;
001946;3;3;;;;;;;
001947;1;1;;;;;;;
001948;0;0;;;;;;;
001949;3;3;;;;;;;
001950;3;3;;;;;;;
001951;0;0;;;;;;;
001952;1;1;;;;;;;
001953;0;0;;;;;;;
001954;0;0;;;;;;;
001955;0;0;;;;;;;
001956;1;1;;;;;;;
001957;2;2;;;;;;;
001958;2;2;;;;;;;
001959;1;1;;;;;;;
001960;1;1;;;;;;;
001961;1;1;;;;;;;
001962;2;2;;;;;;;
001963;1;1;;;;;;;
001964;1;1;;;;;;;
001965;1;1;;;;;;;
001966;0;0;;;;;;;
001967;3;3;;;;;;;
001968;3;3;;;;;;;
001969;3;3;;;;;;;
001970;3;3;;;;;;;
001971;3;3;;;;;;;
001972;3;3;;;;;;;
001973;0;0;;;;;;;
001974;2;2;;;;;;;
001975;0;0;;;;;;;
001976;1;1;;;;;;;
001977;1;1;;;;;;;
001978;3;3;;;;;;;
001979;2;2;;;;;;;
001980;2;2;;;;;;;
001981;0;0;;;;;;;
001982;1;1;;;;;;;
001983;3;3;;;;;;;
001984;3;3;;;;;;;
001985;0;0;;;;;;;
001986;3;3;;;;;;;
001987;2;2;;;;;;;
001988;1;1;;;;;;;
001989;0;0;;;;;;;
001990;1;1;;;;;;;
001991;2;2;;;;;;;
001992;2;2;;;;;;;
001993;0;0;;;;;;;
001994;0;0;;;;;;;
001995;2;2;;;;;;;
001996;1;1;;;;;;;
001997;3;3;;;;;;;
001998;0;0;;;;;;;
001999;3;3;;;;;;;
002000;3;3;;;;;;;
002001;2;2;;;;;;;
002002;0;0;;;;;;;
002003;0;0;;;;;;;
002004;0;0;;;;;;;
002005;3;3;;;;;;;
002006;1;1;;;;;;;
002007;1;1;;;;;;;
002008;1;1;;;;;;;
002009;3;3;;;;;;;
002010;0;0;;;;;;;
002011;2;2;;;;;;;
002012;0;0;;;;;;;
002013;3;3;;;;;;;
002014;2;2;;;;;;;
002015;2;2;;;;;;;
002016;3;3;;;;;;;
002017;0;0;;;;;;;
002018;1;1;;;;;;;
002019;2;2;;;;;;;
002020;2;2;;;;;;;
002021;1;1;;;;;;;
002022;2;2;;;;;;;
002023;0;0;;;;;;;
002024;0;0;;;;;;;
002025;1;1;;;;;;;
002026;1;1;;;;;;;
002027;1;1;;;;;;;
002028;3;3;;;;;;;
002029;3;3;;;;;;;
002030;2;2;;;;;;;
002031;3;3;;;;;;;
002032;1;1;;;;;;;
002033;0;0;;;;;;;
002034;2;2;;;;;;;
002035;0;0;;;;;;;
002036;2;2;;;;;;;
002037;0;0;;;;;;;
002038;2;2;;;;;;;
002039;0;0;;;;;;;
002040;0;0;;;;;;;
002041;4;4;;;;;;;
002042;2;2;;;;;;;
002043;3;3;;;;;;;
002044;3;3;;;;;;;
002045;3;3;;;;;;;
002046;2;2;;;;;;;
002047;0;0;;;;;;;
002048;1;1;;;;;;;
002049;1;1;;;;;;;
002050;1;1;;;;;;;
002051;2;2;;;;;;;
002052;2;2;;;;;;;
002053;1;1;;;;;;;
002054;3;3;;;;;;;
002055;3;3;;;;;;;
002056;1;1;;;;;;;
002057;0;0;;;;;;;
002058;0;0;;;;;;;
002059;1;1;;;;;;;
002060;0;0;;;;;;;
002061;0;0;;;;;;;
002062;1;1;;;;;;;
002063;3;3;;;;;;;
002064;0;0;;;;;;;
002065;2;2;;;;;;;
002066;3;3;;;;;;;
002067;3;3;;;;;;;
002068;2;2;;;;;;;
002069;0;0;;;;;;;
002070;0;0;;;;;;;
002071;3;3;;;;;;;
002072;3;3;;;;;;;
002073;0;0;;;;;;;
002074;2;2;;;;;;;
002075;2;2;;;;;;;
002076;2;2;;;;;;;
002077;3;3;;;;;;;
002078;2;2;;;;;;;
002079;3;3;;;;;;;
002080;1;1;;;;;;;
002081;3;3;;;;;;;
002082;0;0;;;;;;;
002083;1;1;;;;;;;
002084;3;3;;;;;;;
002085;2;2;;;;;;;
002086;3;3;;;;;;;
002087;3;3;;;;;;;
002088;3;3;;;;;;;
002089;2;2;;;;;;;
002090;0;0;;;;;;;
002091;2;2;;;;;;;
002092;0;0;;;;;;;
002093;1;1;;;;;;;
002094;1;1;;;;;;;
002095;4;4;;;;;;;
002096;1;1;;;;;;;
002097;0;0;;;;;;;
002098;0;0;;;;;;;
002099;1;1;;;;;;;
002100;1;1;;;;;;;
002101;3;3;;;;;;;
002102;0;0;;;;;;;
002103;0;0;;;;;;;
002104;2;2;;;;;;;
002105;2;2;;;;;;;
002106;0;0;;;;;;;
002107;0;0;;;;;;;
002108;3;3;;;;;;;
002109;2;2;;;;;;;
002110;2;2;;;;;;;
002111;3;3;;;;;;;
002112;3;3;;;;;;;
002113;3;3;;;;;;;
002114;4;4;;;;;;;
002115;2;2;;;;;;;
002116;4;4;;;;;;;
002117;2;2;;;;;;;
002118;1;1;;;;;;;
002119;2;2;;;;;;;
002120;2;2;;;;;;;
002121;0;0;;;;;;;
002122;3;3;;;;;;;
002123;0;0;;;;;;;
002124;2;2;;;;;;;
002125;2;2;;;;;;;
002126;1;1;;;;;;;
002127;3;3;;;;;;;
002128;1;1;;;;;;;
002129;1;1;;;;;;;
002130;2;2;;;;;;;
002131;1;1;;;;;;;
002132;2;2;;;;;;;
002133;0;0;;;;;;;
002134;4;4;;;;;;;
002135;1;1;;;;;;;
002136;3;3;;;;;;;
002137;0;0;;;;;;;
002138;3;3;;;;;;;
002139;2;2;;;;;;;
002140;3;3;;;;;;;
002141;2;2;;;;;;;
002142;0;0;;;;;;;
002143;2;2;;;;;;;
002144;0;0;;;;;;;
002145;3;3;;;;;;;
002146;3;3;;;;;;;
002147;3;3;;;;;;;
002148;1;1;;;;;;;
002149;2;2;;;;;;;
002150;1;1;;;;;;;
002151;3;3;;;;;;;
002152;2;2;;;;;;;
002153;1;1;;;;;;;
002154;4;4;;;;;;;
002155;0;0;;;;;;;
002156;0;0;;;;;;;
002157;0;0;;;;;;;
002158;2;2;;;;;;;
002159;2;2;;;;;;;
002160;3;3;;;;;;;
002161;0;0;;;;;;;
002162;1;1;;;;;;;
002163;3;3;;;;;;;
002164;3;3;;;;;;;
002165;2;2;;;;;;;
002166;3;3;;;;;;;
002167;0;0;;;;;;;
002168;3;3;;;;;;;
002169;1;1;;;;;;;
002170;0;0;;;;;;;
002171;3;3;;;;;;;
002172;2;2;;;;;;;
002173;2;2;;;;;;;
002174;1;1;;;;;;;
002175;3;3;;;;;;;
002176;0;0;;;;;;;
002177;3;3;;;;;;;
002178;2;2;;;;;;;
002179;2;2;;;;;;;
002180;1;1;;;;;;;
002181;0;0;;;;;;;
002182;0;0;;;;;;;
002183;2;2;;;;;;;
002184;0;0;;;;;;;
002185;0;0;;;;;;;
002186;0;0;;;;;;;
002187;4;4;;;;;;;
002188;0;0;;;;;;;
002189;3;3;;;;;;;
002190;2;2;;;;;;;
002191;2;2;;;;;;;
002192;3;3;;;;;;;
002193;0;0;;;;;;;
002194;2;2;;;;;;;
002195;0;0;;;;;;;
002196;3;3;;;;;;;
002197;3;3;;;;;;;
002198;0;0;;;;;;;
002199;1;1;;;;;;;
002200;0;0;;;;;;;
002201;1;1;;;;;;;
002202;0;0;;;;;;;
002203;0;0;;;;;;;
002204;0;0;;;;;;;
002205;3;3;;;;;;;
002206;2;2;;;;;;;
002207;3;3;;;;;;;
002208;2;2;;;;;;;
002209;0;0;;;;;;;
002210;0;0;;;;;;;
002211;0;0;;;;;;;
002212;3;3;;;;;;;
002213;1;1;;;;;;;
002214;0;0;;;;;;;
002215;3;3;;;;;;;
002216;2;2;;;;;;;
002217;1;1;;;;;;;
002218;1;1;;;;;;;
002219;3;3;;;;;;;
002220;2;2;;;;;;;
002221;2;2;;;;;;;
002222;2;2;;;;;;;
002223;2;2;;;;;;;
002224;0;0;;;;;;;
002225;3;3;;;;;;;
002226;3;3;;;;;;;
002227;0;0;;;;;;;
002228;2;2;;;;;;;
002229;1;1;;;;;;;
002230;2;2;;;;;;;
002231;1;1;;;;;;;
002232;1;1;;;;;;;
002233;2;2;;;;;;;
002234;0;0;;;;;;;
002235;1;1;;;;;;;
002236;2;2;;;;;;;
002237;0;0;;;;;;;
002238;0;0;;;;;;;
002239;1;1;;;;;;;
002240;0;0;;;;;;;
002241;1;1;;;;;;;
002242;3;3;;;;;;;
002243;3;3;;;;;;;
002244;0;0;;;;;;;
002245;3;3;;;;;;;
002246;0;0;;;;;;;
002247;3;3;;;;;;;
002248;3;3;;;;;;;
002249;2;2;;;;;;;
002250;3;3;;;;;;;
002251;3;3;;;;;;;
002252;3;3;;;;;;;
002253;2;2;;;;;;;
002254;3;3;;;;;;;
002255;0;0;;;;;;;
002256;3;3;;;;;;;
002257;0;0;;;;;;;
002258;1;1;;;;;;;
002259;0;0;;;;;;;
002260;2;2;;;;;;;
002261;2;2;;;;;;;
002262;2;2;;;;;;;
002263;2;2;;;;;;;
002264;1;1;;;;;;;
002265;2;2;;;;;;;
002266;2;2;;;;;;;
002267;0;0;;;;;;;
002268;3;3;;;;;;;
002269;2;2;;;;;;;
002270;1;1;;;;;;;
002271;3;3;;;;;;;
002272;0;0;;;;;;;
002273;3;3;;;;;;;
002274;3;3;;;;;;;
002275;2;2;;;;;;;
002276;2;2;;;;;;;
002277;1;1;;;;;;;
002278;4;4;;;;;;;
002279;2;2;;;;;;;
002280;3;3;;;;;;;
002281;0;0;;;;;;;
002282;0;0;;;;;;;
002283;0;0;;;;;;;
002284;0;0;;;;;;;
002285;3;3;;;;;;;
002286;0;0;;;;;;;
002287;2;2;;;;;;;
002288;3;3;;;;;;;
002289;3;3;;;;;;;
002290;2;2;;;;;;;
002291;1;1;;;;;;;
002292;0;0;;;;;;;
002293;1;1;;;;;;;
002294;2;2;;;;;;;
002295;3;3;;;;;;;
002296;0;0;;;;;;;
002297;3;3;;;;;;;
002298;2;2;;;;;;;
002299;2;2;;;;;;;
002300;3;3;;;;;;;
002301;1;1;;;;;;;
002302;2;2;;;;;;;
002303;3;3;;;;;;;
002304;2;2;;;;;;;
002305;3;3;;;;;;;
002306;3;3;;;;;;;
002307;2;2;;;;;;;
002308;3;3;;;;;;;
002309;2;2;;;;;;;
002310;3;3;;;;;;;
002311;2;2;;;;;;;
002312;1;1;;;;;;;
002313;1;1;;;;;;;
002314;2;2;;;;;;;
002315;2;2;;;;;;;
002316;2;2;;;;;;;
002317;3;3;;;;;;;
002318;2;2;;;;;;;
002319;4;4;;;;;;;
002320;2;2;;;;;;;
002321;3;3;;;;;;;
002322;1;1;;;;;;;
002323;0;0;;;;;;;
002324;0;0;;;;;;;
002325;0;0;;;;;;;
002326;0;0;;;;;;;
002327;2;2;;;;;;;
002328;0;0;;;;;;;
002329;2;2;;;;;;;
002330;1;1;;;;;;;
002331;2;2;;;;;;;
002332;1;1;;;;;;;
002333;1;1;;;;;;;
002334;3;3;;;;;;;
002335;0;0;;;;;;;
002336;3;3;;;;;;;
002337;0;0;;;;;;;
002338;0;0;;;;;;;
002339;4;4;;;;;;;
002340;0;0;;;;;;;
002341;2;2;;;;;;;
002342;0;0;;;;;;;
002343;1;1;;;;;;;
002344;0;0;;;;;;;
002345;0;0;;;;;;;
002346;1;1;;;;;;;
002347;1;1;;;;;;;
002348;2;2;;;;;;;
002349;0;0;;;;;;;
002350;1;1;;;;;;;
002351;0;0;;;;;;;
002352;1;1;;;;;;;
002353;3;3;;;;;;;
002354;3;3;;;;;;;
002355;1;1;;;;;;;
002356;1;1;;;;;;;
002357;2;2;;;;;;;
002358;1;1;;;;;;;
002359;3;3;;;;;;;
002360;3;3;;;;;;;
002361;2;2;;;;;;;
002362;2;2;;;;;;;
002363;1;1;;;;;;;
002364;3;3;;;;;;;
002365;1;1;;;;;;;
002366;0;0;;;;;;;
002367;0;0;;;;;;;
002368;1;1;;;;;;;
002369;1;1;;;;;;;
002370;1;1;;;;;;;
002371;1;1;;;;;;;
002372;0;0;;;;;;;
002373;2;2;;;;;;;
002374;0;0;;;;;;;
002375;0;0;;;;;;;
002376;3;3;;;;;;;
002377;3;3;;;;;;;
002378;1;1;;;;;;;
002379;0;0;;;;;;;
002380;3;3;;;;;;;
002381;2;2;;;;;;;
002382;2;2;;;;;;;
002383;3;3;;;;;;;
002384;2;2;;;;;;;
002385;1;1;;;;;;;
002386;2;2;;;;;;;
002387;1;1;;;;;;;
002388;4;4;;;;;;;
002389;0;0;;;;;;;
002390;3;3;;;;;;;
002391;2;2;;;;;;;
002392;0;0;;;;;;;
002393;3;3;;;;;;;
002394;3;3;;;;;;;
002395;0;0;;;;;;;
002396;2;2;;;;;;;
002397;1;1;;;;;;;
002398;0;0;;;;;;;
002399;0;0;;;;;;;
002400;2;2;;;;;;;
002401;1;1;;;;;;;
002402;1;1;;;;;;;
002403;1;1;;;;;;;
002404;3;3;;;;;;;
002405;1;1;;;;;;;
002406;3;3;;;;;;;
002407;2;2;;;;;;;
002408;0;0;;;;;;;
002409;2;2;;;;;;;
002410;2;2;;;;;;;
002411;3;3;;;;;;;
002412;0;0;;;;;;;
002413;2;2;;;;;;;
002414;1;1;;;;;;;
002415;0;0;;;;;;;
002416;2;2;;;;;;;
002417;2;2;;;;;;;
002418;0;0;;;;;;;
002419;1;1;;;;;;;
002420;2;2;;;;;;;
002421;3;3;;;;;;;
002422;3;3;;;;;;;
002423;1;1;;;;;;;
002424;1;1;;;;;;;
002425;0;0;;;;;;;
002426;3;3;;;;;;;
002427;2;2;;;;;;;
002428;1;1;;;;;;;
002429;0;0;;;;;;;
002430;3;3;;;;;;;
002431;1;1;;;;;;;
002432;0;0;;;;;;;
002433;2;2;;;;;;;
002434;2;2;;;;;;;
002435;0;0;;;;;;;
002436;3;3;;;;;;;
002437;1;1;;;;;;;
002438;1;1;;;;;;;
002439;3;3;;;;;;;
002440;0;0;;;;;;;
002441;3;3;;;;;;;
002442;1;1;;;;;;;
002443;0;0;;;;;;;
002444;2;2;;;;;;;
002445;1;1;;;;;;;
002446;2;2;;;;;;;
002447;3;3;;;;;;;
002448;0;0;;;;;;;
002449;3;3;;;;;;;
002450;2;2;;;;;;;
002451;3;3;;;;;;;
002452;1;1;;;;;;;
002453;3;3;;;;;;;
002454;3;3;;;;;;;
002455;2;2;;;;;;;
002456;1;1;;;;;;;
002457;0;0;;;;;;;
002458;1;1;;;;;;;
002459;3;3;;;;;;;
002460;3;3;;;;;;;
002461;2;2;;;;;;;
002462;0;0;;;;;;;
002463;1;1;;;;;;;
002464;1;1;;;;;;;
002465;1;1;;;;;;;
002466;1;1;;;;;;;
002467;3;3;;;;;;;
002468;1;1;;;;;;;
